Title,Details,Image URL,Product URL,Description,Price
Nike Club,Men's Coaches' Jacket,"https://static.nike.com/a/images/c_limit,w_592,f_auto/t_product_v1/dc4b3b2f-8bc4-4232-b8c4-22f8d296ef7f/club-mens-coaches-jacket-kXpvvK.png",https://www.nike.comhttps://www.nike.com/t/club-mens-coaches-jacket-kXpvvK/FN3316-739,"Keep your look clean and classic in this coach's jacket from our Nike Club collection. Roomy through the body and sleeves, the relaxed fit is paired with smooth woven fabric and soft cotton lining to bring casual comfort to any outfit. Pair it up with some retro Nike sneakers for a stylish look that works just about anywhere.Shown: University Gold/WhiteStyle: FN3316-739",$90
Nike Club,Men's Corduroy Chino Pants,"https://static.nike.com/a/images/c_limit,w_592,f_auto/t_product_v1/7127d220-f1c2-4989-9392-04a80894438c/club-mens-corduroy-chino-pants-LPVZPJ.png",https://www.nike.comhttps://www.nike.com/t/club-mens-corduroy-chino-pants-LPVZPJ/FZ0786-010,"Clean and classic, these chinos are made from corduroy for a soft, slightly textured feel. They feel relaxed through the seat and thighs with a straight-leg cut that provides casual style and laid-back comfort.Shown: BlackStyle: FZ0786-010",$95
Nike Sportswear Premium Essentials,Men's T-Shirt,"https://static.nike.com/a/images/c_limit,w_592,f_auto/t_product_v1/891752c6-a92e-469c-ab57-d762c685fb77/sportswear-premium-essentials-mens-t-shirt-mkhTvc.png",https://www.nike.comhttps://www.nike.com/t/sportswear-premium-essentials-mens-t-shirt-mkhTvc/DO7392-101,"The Nike Sportswear Premium Essentials T-Shirt has a loose fit for a carefree, comfortable look. Its heavyweight organic cotton fabric feels thick and soft. This product is made with at least 75% organic cotton fibers.Shown: White/WhiteStyle: DO7392-101",$45
Nike Club,Men's Woven Flow Shorts,"https://static.nike.com/a/images/c_limit,w_592,f_auto/t_product_v1/49e61b95-54ee-4f59-951a-4e64cb7f43d6/club-mens-woven-flow-shorts-vw2WpQ.png",https://www.nike.comhttps://www.nike.com/t/club-mens-woven-flow-shorts-vw2WpQ/FN3307-652,"Sporty and versatile, these woven shorts are made for easygoing daily comfort. The fit is designed to hit above-the-knee and feel relaxed through the seat and thighs to keep them from feeling restrictive, especially in warmer weather. Mesh lining helps you stay cool and comfy around town. Pair them up with a tee and your favorite Nike sneakers for a look that gets you out there looking and feeling great.Shown: Burgundy Crush/WhiteStyle: FN3307-652",$50
Nike Primary,Men's Dri-FIT UV Versatile Crew,"https://static.nike.com/a/images/c_limit,w_592,f_auto/t_product_v1/38f6a90a-3d31-4ee2-b028-7d5b4531d4c4/primary-mens-dri-fit-uv-versatile-crew-9cQgFg.png",https://www.nike.comhttps://www.nike.com/t/primary-mens-dri-fit-uv-versatile-crew-9cQgFg/FZ0971-473,"This soft, sweat-wicking crew is built for wearing during your toughest workouts. It's made with midweight double-knit fabric that feels smooth on both sides with a touch of stretch. Plus, the fabric helps block UV rays when you're outdoors.Shown: Obsidian/Heather/ObsidianStyle: FZ0971-473",$75
Nike Primary,"Men's 7"" Dri-FIT UV Unlined Versatile Shorts","https://static.nike.com/a/images/c_limit,w_592,f_auto/t_product_v1/fcda0679-1261-425d-98f0-71063b551141/primary-mens-7-dri-fit-uv-unlined-versatile-shorts-Jhbv51.png",https://www.nike.comhttps://www.nike.com/t/primary-mens-7-dri-fit-uv-unlined-versatile-shorts-Jhbv51/FZ0961-451,"Designed for running, training and yoga, these sweat-wicking Primary shorts offer midweight knit fabric that's made for movement. They have a relaxed fit that sits above the knee and flat seams that help prevent chafing.Shown: Obsidian/Heather/ObsidianStyle: FZ0961-451",$70
Nike Run Energy,Men's Dri-FIT Fleece Running Crew,"https://static.nike.com/a/images/c_limit,w_592,f_auto/t_product_v1/3936ec19-25a9-4cae-91bc-ff24063b99a2/run-energy-mens-dri-fit-fleece-running-crew-M6VJGL.png",https://www.nike.comhttps://www.nike.com/t/run-energy-mens-dri-fit-fleece-running-crew-M6VJGL/HF0333-121,"Made with smooth knit fabric and a relaxed fit, this midweight crew-neck sweatshirt is designed to help keep you comfortable throughout your run.Shown: Summit White/Light Photo BlueStyle: HF0333-121",$80
Nike Stride,"Men's Dri-FIT 5"" Brief-Lined Running Shorts","https://static.nike.com/a/images/c_limit,w_592,f_auto/t_product_v1/b50fb8c7-ade6-4bc2-82ca-0187d17424af/stride-mens-dri-fit-5-brief-lined-running-shorts-g9m76X.png",https://www.nike.comhttps://www.nike.com/t/stride-mens-dri-fit-5-brief-lined-running-shorts-g9m76X/DM4755-464,"Designed for running, the Stride Shorts have a lightweight feel made for unrestricted movement. They're smooth to the touch, with extra breathability at the upper back. Need to take a phone along? We've got a pocket at the back geared just for your device.Shown: Denim Turquoise/BlackStyle: DM4755-464",$55
USA Solo Swoosh,Men's Nike Pullover Hoodie,"https://static.nike.com/a/images/c_limit,w_592,f_auto/t_product_v1/92161a12-6428-499e-8c20-e172ded68e6a/usa-solo-swoosh-mens-pullover-hoodie-r4M7xD.png",https://www.nike.comhttps://www.nike.com/t/usa-solo-swoosh-mens-pullover-hoodie-r4M7xD/FN4416-100,"Rep your country in easy comfort and laid-back, nostalgic style with this relaxed USA sweatshirt. Smooth on the outside and plush on the inside, our heavyweight brushed fleece helps keep you supremely cozy with thick, structured fabric for a premium look.Shown: White/Old RoyalStyle: FN4416-100",$100
USA Premium Essential,Women's Nike T-Shirt,"https://static.nike.com/a/images/c_limit,w_592,f_auto/t_product_v1/d195d34d-ecd3-4c56-a684-7808e0159cb1/usa-premium-essential-womens-t-shirt-ZSQ6v8.png",https://www.nike.comhttps://www.nike.com/t/usa-premium-essential-womens-t-shirt-ZSQ6v8/FN0866-133,Show your support in this USA tee. Heavyweight cotton and a loose fit help you rep the USA no matter where you cheer from.Shown: SailStyle: FN0866-133,$35
Nike Air,Men's Graphic T-Shirt,"https://static.nike.com/a/images/c_limit,w_592,f_auto/t_product_v1/5df6a4de-9324-4ed5-b019-f7c83700f4b5/air-mens-graphic-t-shirt-17KPJj.png",https://www.nike.comhttps://www.nike.com/t/air-mens-graphic-t-shirt-17KPJj/HM0185-100,Add some throwback Air to your wardrobe in this classic tee. This closet staple pairs soft fabric and a traditional fit that feels like an old favorite on the very first wear.Shown: White/BlackStyle: HM0185-100,$35
Nike Club,Men's French Terry Flow Shorts,"https://static.nike.com/a/images/c_limit,w_592,f_auto/t_product_v1/79fbc7fa-79b1-465e-9a8e-7ee8bd886839/club-mens-french-terry-flow-shorts-NwJvmn.png",https://www.nike.comhttps://www.nike.com/t/club-mens-french-terry-flow-shorts-NwJvmn/FN3520-412,"Pull on a pair of our lightweight French terry Flow shorts from Nike Club and get on with your day in style and comfort. Relaxed through the seat and thighs, they're perfect for pairing with a T-shirt for a day in the sun.Shown: University Blue/University Blue/WhiteStyle: FN3520-412",$55
Nike Primary,Men's Dri-FIT Versatile Tank,"https://static.nike.com/a/images/c_limit,w_592,f_auto/t_product_v1/999e8a50-742e-4110-84c6-90239451e4bf/primary-mens-dri-fit-versatile-tank-RcQ41g.png",https://www.nike.comhttps://www.nike.com/t/primary-mens-dri-fit-versatile-tank-RcQ41g/DV9833-100,"Run, spin, lift, stretch—no matter where your workout takes you, we have you covered in the sweat-wicking Primary Tank. It's ultra soft and comfortable, with underarm ventilation to help keep you cool during your reps.Shown: White/WhiteStyle: DV9833-100",$55
Nike Unlimited,"Men's Dri-FIT 5"" Unlined Versatile Shorts","https://static.nike.com/a/images/c_limit,w_592,f_auto/t_product_v1/57fae861-5d02-460a-8570-74f73a218e0e/unlimited-mens-dri-fit-5-unlined-versatile-shorts-nlD0tf.png",https://www.nike.comhttps://www.nike.com/t/unlimited-mens-dri-fit-5-unlined-versatile-shorts-nlD0tf/DV9336-084,"Designed for running, training and yoga, our sweat-wicking Unlimited Shorts were made to do it all. They're here for whatever your workout requires, with stretchy fabric that helps you stay free to move. Plus, a hidden pocket lets you keep your phone close as you bring the heat to the gym or a run.Shown: Smoke Grey/Black/Smoke GreyStyle: DV9336-084",$60
Nike Primary,Men's Dri-FIT Short-Sleeve Versatile Top,"https://static.nike.com/a/images/c_limit,w_592,f_auto/t_product_v1/942a0147-3e12-4a68-80da-cd3a7a8b7b6b/primary-mens-dri-fit-short-sleeve-versatile-top-XK77j1.png",https://www.nike.comhttps://www.nike.com/t/primary-mens-dri-fit-short-sleeve-versatile-top-XK77j1/DV9831-370,"Run, spin, lift, stretch—no matter where your workout takes you, we have you covered in the sweat-wicking Primary Top. We designed it to be soft and comfortable, with underarm ventilation to help keep you cool during your reps.Shown: Jade Horizon/Jade HorizonStyle: DV9831-370",$55
Nike Unlimited,"Men's Dri-FIT 7"" Unlined Versatile Shorts","https://static.nike.com/a/images/c_limit,w_592,f_auto/t_product_v1/b8bf902f-de19-4ad9-bea8-87aa4d1f5679/unlimited-mens-dri-fit-7-unlined-versatile-shorts-HX9Jjq.png",https://www.nike.comhttps://www.nike.com/t/unlimited-mens-dri-fit-7-unlined-versatile-shorts-HX9Jjq/DV9340-010,"Built for running, training and yoga, our Unlimited collection helps keep you moving throughout the year, thanks to its premium materials and innovative features. These shorts are here for whatever your workout requires, with stretchy fabric that won't get in the way of movement. Plus, a hidden pocket lets you keep your phone close as you bring the heat to the gym or a run.Shown: Black/Black/BlackStyle: DV9340-010",$60
Nike Sportswear Tech Fleece,Men's Pullover Hoodie,"https://static.nike.com/a/images/c_limit,w_592,f_auto/t_product_v1/25cc8875-d4ae-4c9e-91e1-1be0eabfc545/sportswear-tech-fleece-mens-pullover-hoodie-gj7srq.png",https://www.nike.comhttps://www.nike.com/t/sportswear-tech-fleece-mens-pullover-hoodie-gj7srq/FB8016-276,"Clean and classic, this pullover hoodie brings premium warmth to a versatile, everyday design. Our premium, smooth-on-both-sides fleece feels warmer and softer than ever, while keeping the same lightweight build you love. Just the right amount of Tech Fleece DNA (like the thin elastic trim at the cuffs) provides a signature finish. Wear it with your Tech Fleece joggers and a pair of Nike sneakers for a uniform look.Shown: Neutral Olive/BlackStyle: FB8016-276",$120
Nike Sportswear Tech Fleece,Men's Shorts,"https://static.nike.com/a/images/c_limit,w_592,f_auto/t_product_v1/59e2c424-d12d-4cb1-8f88-23480b57c2a5/sportswear-tech-fleece-mens-shorts-jbdtpn.png",https://www.nike.comhttps://www.nike.com/t/sportswear-tech-fleece-mens-shorts-jbdtpn/FB8171-276,"Pull on these Tech Fleece shorts for laid-back comfort that lasts all day long. Our premium, smooth-on-both-sides fleece feels warmer and softer than ever, while keeping the same lightweight build you love. With a relaxed fit that hits just above the knee, these comfy shorts feature signature Tech Fleece details to keep your look polished. Pair them up with a tee or a Tech Fleece hoodie for a uniform finish.Shown: Neutral Olive/BlackStyle: FB8171-276",$95
Nike Sportswear Club Fleece,Pullover Hoodie,"https://static.nike.com/a/images/c_limit,w_592,f_auto/t_product_v1/5de18338-3337-40c1-83e0-53a5e9ed18c0/sportswear-club-fleece-pullover-hoodie-Gw4Nwq.png",https://www.nike.comhttps://www.nike.com/t/sportswear-club-fleece-pullover-hoodie-Gw4Nwq/BV2654-063,"A closet staple, the Nike Sportswear Club Fleece Pullover Hoodie combines classic style with the soft comfort of fleece.Shown: Dark Grey Heather/Matte Silver/WhiteStyle: BV2654-063",$65
Nike Sportswear Club Fleece,Joggers,"https://static.nike.com/a/images/c_limit,w_592,f_auto/t_product_v1/2b98ae55-38d5-45c6-98b8-c3ff631858b1/sportswear-club-fleece-joggers-KflRdQ.png",https://www.nike.comhttps://www.nike.com/t/sportswear-club-fleece-joggers-KflRdQ/BV2671-063,"A closet staple, the Nike Sportswear Club Fleece Joggers combine a classic look with the soft comfort of fleece for an elevated, everyday look that you can wear every day.Shown: Dark Grey Heather/Matte Silver/WhiteStyle: BV2671-063",$60
Nike Solar Chase,Men's Dri-FIT Sleeveless Running Top,"https://static.nike.com/a/images/c_limit,w_592,f_auto/t_product_v1/a2e932d6-90f4-4170-be6a-6d69c28b3394/solar-chase-mens-dri-fit-sleeveless-running-top-lV588P.png",https://www.nike.comhttps://www.nike.com/t/solar-chase-mens-dri-fit-sleeveless-running-top-lV588P/FN3309-464,"Whether you're out for a quick forest jog or a longer mountain run, Nike Trail has the durability and adaptability to help make connecting with your surroundings easier, even in dynamic conditions.This sleeveless top is light and breathable, with sweat-wicking fabric to help keep you dry on your run. Using insights from our athletes, we widened the shoulder design to help prevent chafing from hydration pack straps.Shown: Denim Turquoise/Vintage Coral/BlackStyle: FN3309-464",$65
Nike Trail Second Sunrise,"Men's Dri-FIT 7"" Brief-Lined Running Shorts","https://static.nike.com/a/images/c_limit,w_592,f_auto/t_product_v1/01ef7110-be7b-4eb8-9635-e89ee03fc180/trail-second-sunrise-mens-dri-fit-7-brief-lined-running-shorts-LL2BSK.png",https://www.nike.comhttps://www.nike.com/t/trail-second-sunrise-mens-dri-fit-7-brief-lined-running-shorts-LL2BSK/FB4194-464,"Designed for trail running, our sweat-wicking Trail Shorts let you settle into the long haul. We designed them using insights from trail runners like you, with a breathable feel and a shape the helps you get the most out of your stride. We know you want to bring your outdoor essentials with you, so there's plenty of pockets—as in 7 pockets— to keep all your gear close and secure.Shown: Denim Turquoise/Khaki/BlackStyle: FB4194-464",$75
Nike Sportswear Solo Swoosh,Men's Woven Track Jacket,"https://static.nike.com/a/images/c_limit,w_592,f_auto/t_product_v1/dc5c1fff-ad8e-41bd-9bef-f880239df2af/sportswear-solo-swoosh-mens-woven-track-jacket-hrSnXz.png",https://www.nike.comhttps://www.nike.com/t/sportswear-solo-swoosh-mens-woven-track-jacket-hrSnXz/FB8622-626,"Day or night, our Solo Swoosh track jacket gives you clean, classic style that's synonymous with our Solo Swoosh collection. The woven fabric feels crisp and lightweight, and the reflective piping adds a pop of contrast. For a uniform look from the front door to the record store, pair it up with our matching Solo Swoosh track pants.Shown: Dragon Red/WhiteStyle: FB8622-626",$145
Nike Solo Swoosh,Men's Track Pants,"https://static.nike.com/a/images/c_limit,w_592,f_auto/t_product_v1/e031ab78-92ca-4107-9d2c-83946915f3dd/solo-swoosh-mens-track-pants-p1Z2bG.png",https://www.nike.comhttps://www.nike.com/t/solo-swoosh-mens-track-pants-p1Z2bG/FB8620-626,"The ultimate pants for getting around town in rain or shine, our Solo Swoosh track pants give you the clean, classic style that's synonymous with our Solo Swoosh collection. Water-repellent woven fabric is set off with track-inspired reflective piping on the outer legs. The zippered pockets and ankle cuffs give you the luxury of securely storing your things and adjusting your fit when you're on the go, from the front door to the record store.Shown: Dragon Red/WhiteStyle: FB8620-626",$145
Nike ACG,Men's Dri-FIT T-Shirt,"https://static.nike.com/a/images/c_limit,w_592,f_auto/t_product_v1/f4e30e23-f6da-4988-a800-899b167ac148/acg-mens-dri-fit-t-shirt-63zrCD.png",https://www.nike.comhttps://www.nike.com/t/acg-mens-dri-fit-t-shirt-63zrCD/FV3492-053,"A mix of heavyweight blended fabric and a roomy fit makes this ACG tee the GOAT. Nike Dri-FIT technology moves sweat away from your skin for quicker evaporation, helping you stay dry and comfortable.Shown: Dark StuccoStyle: FV3492-053",$55
Nike ACG,Men's Hiking Shorts,"https://static.nike.com/a/images/c_limit,w_592,f_auto/t_product_v1/f2494b0a-d8d0-401a-b522-59e29aade56b/acg-mens-hiking-shorts-mhw9nm.png",https://www.nike.comhttps://www.nike.com/t/acg-mens-hiking-shorts-mhw9nm/FN2430-053,"Ready for exploration, these stretchy Nike ACG hiking shorts are sweat wicking and water repellent to help you stay dry on and off the trail. They're made with movement in mind, with a roomy design that gives you some space through the seat and thighs. The mobility gusset helps you stride through tricky terrain with less restriction.Shown: Dark Stucco/Summit WhiteStyle: FN2430-053",$100
Nike ACG,Men's Dri-FIT Long-Sleeve T-Shirt,"https://static.nike.com/a/images/c_limit,w_592,f_auto/t_product_v1/08afeec4-66c3-4e62-aebc-ae3c83bb175e/acg-mens-dri-fit-long-sleeve-t-shirt-x8CjXP.png",https://www.nike.comhttps://www.nike.com/t/acg-mens-dri-fit-long-sleeve-t-shirt-x8CjXP/FV3486-618,"Made with heavyweight fabric for soft, structured comfort, this roomy ACG tee brings fresh ripple effect graphics in honor of waves and new beginnings. Plus, our sweat-wicking tech helps you stay dry while you're out exploring the rivers, lakes and streams.Shown: Red StardustStyle: FV3486-618",$60
"Nike ACG ""Reservoir Goat""",Men's Allover Print Shorts,"https://static.nike.com/a/images/c_limit,w_592,f_auto/t_product_v1/20cc9c3d-be29-4ce1-a82b-8d9e72b7c248/acg-reservoir-goat-mens-allover-print-shorts-1prHGQ.png",https://www.nike.comhttps://www.nike.com/t/acg-reservoir-goat-mens-allover-print-shorts-1prHGQ/FN2474-493,"Lightweight, stretchy and packable, these ""Reservoir Goat"" shorts from ACG are made to do it all. Water-repellent fabric helps shed the moisture during a quick cloudburst or after a misty hike. The lightweight fabric also dries quickly, meaning if even if you get wet, you won't stay wet for long. An allover print depicts the rippling water of Goat Lake in the Northern Cascades.Shown: Ashen Slate/Light Armory Blue/Summit WhiteStyle: FN2474-493",$90
Nike Tech Fleece Reimagined,Men's Polo,"https://static.nike.com/a/images/c_limit,w_592,f_auto/t_product_v1/9bbfa1b2-1631-46c9-85a9-c235d4dccb17/tech-fleece-reimagined-mens-polo-kBql8T.png",https://www.nike.comhttps://www.nike.com/t/tech-fleece-reimagined-mens-polo-kBql8T/FZ7570-104,"Based on classic polo tops, the Tech Fleece version has simple, clean lines that put the focus on the fabric. Our warmer-than-ever Tech Fleece is built for comfort, with a feel that's both plush and structured. A roomy fit makes it great for layering or wearing as a stand-alone top.Shown: Light Orewood Brown/Light Orewood BrownStyle: FZ7570-104",$130
Nike Tech,Men's Fleece Pants,"https://static.nike.com/a/images/c_limit,w_592,f_auto/t_product_v1/3763a85b-6b22-4801-b614-25f9175914b1/tech-mens-fleece-pants-TBkkQw.png",https://www.nike.comhttps://www.nike.com/t/tech-mens-fleece-pants-TBkkQw/FZ7593-104,"These pants pair the clean aesthetic of Tech with a roomy fit for a relaxed vibe. Our premium, lightweight fleece–smooth both inside and out–gives you plenty of warmth without adding bulk.Shown: Light Orewood Brown/Light Orewood BrownStyle: FZ7593-104",$135
Nike Sportswear Tech Fleece Windrunner,Men's Full-Zip Hoodie,"https://static.nike.com/a/images/c_limit,w_592,f_auto/t_product_v1/f3c219d7-c2bf-4cc0-af1e-7c5ba0800078/sportswear-tech-fleece-windrunner-mens-full-zip-hoodie-rznlBf.png",https://www.nike.comhttps://www.nike.com/t/sportswear-tech-fleece-windrunner-mens-full-zip-hoodie-rznlBf/FB7921-440,"Blending 2 of our most iconic looks, this full-zip hoodie draws design inspiration from our timeless Windrunner jacket as well as our Tech Fleece jacket. It's designed to feel relaxed through the shoulders, chest and body for an athletic fit you can layer. Our premium, smooth-on-both-sides fleece feels warmer and softer than ever, while keeping the same lightweight build you love.Shown: Light Armory Blue/Ashen Slate/WhiteStyle: FB7921-440",$145
Nike Sportswear Tech Fleece,Men's Joggers,"https://static.nike.com/a/images/c_limit,w_592,f_auto/t_product_v1/465e4cd3-e5c6-44f9-9f12-67f6ab8faeeb/sportswear-tech-fleece-mens-joggers-WC9QKl.png",https://www.nike.comhttps://www.nike.com/t/sportswear-tech-fleece-mens-joggers-WC9QKl/FB8002-440,"These comfy joggers bring back the signature slim fit you know for a tailored look. Our premium, smooth-on-both-sides fleece feels warmer and softer than ever, while keeping the same lightweight build you love. Tall ribbed cuffs pair with a zippered pocket on the right leg for secure storage and that signature Tech Fleece DNA. Pair them with the Tech Fleece hoodie for a uniform finish.Shown: Light Armory Blue/Ashen Slate/WhiteStyle: FB8002-440",$125
Nike Sportswear Club Fleece,Men's Crew,"https://static.nike.com/a/images/c_limit,w_592,f_auto/t_product_v1/c122d2b3-d24f-4ebb-b19c-ab59da1c6334/sportswear-club-fleece-mens-crew-TWcqLw.png",https://www.nike.comhttps://www.nike.com/t/sportswear-club-fleece-mens-crew-TWcqLw/BV2662-345,"A closet staple, the Nike Sportswear Club Fleece Crew combines a classic embroidered logo on the left chest with the soft comfort of fleece for an elevated everyday look.Shown: Dusty Cactus/WhiteStyle: BV2662-345",$60
Nike Club Alumni,Men's French Terry Shorts,"https://static.nike.com/a/images/c_limit,w_592,f_auto/t_product_v1/b71f8b9d-8b93-4c72-8699-e0a5f8796837/club-alumni-mens-french-terry-shorts-cnGtxR.png",https://www.nike.comhttps://www.nike.com/t/club-alumni-mens-french-terry-shorts-cnGtxR/DX0502-345,"Made with soft French terry fabric for casual, daily comfort, our Nike Club Alumni shorts feature raw edges on the pocket openings and hem for a vintage, worn-in look. Whether you're cruising campus or reliving the glory days, the stretchy elastic waistband has an external drawcord to let you find the right fit.Shown: Dusty Cactus/White/WhiteStyle: DX0502-345",$65
Nike Life,Men's Full-Zip Unlined Jacket,"https://static.nike.com/a/images/c_limit,w_592,f_auto/t_product_v1/4e61795d-b9a3-4f39-8b2e-6bd1b1be6466/life-mens-full-zip-unlined-jacket-zG5lfM.png",https://www.nike.comhttps://www.nike.com/t/life-mens-full-zip-unlined-jacket-zG5lfM/FZ6575-014,"Durable but not too bulky, this unlined work jacket is made from heavyweight cotton canvas. A garment dye treatment gives each jacket a unique color saturation and character that will evolve over time.Shown: Light Iron Ore/Light Iron OreStyle: FZ6575-014",$205
Nike Life,Men's Camp Shorts,"https://static.nike.com/a/images/c_limit,w_592,f_auto/t_product_v1/9d47ec01-b9cb-466c-97b0-18a0fb4106e1/life-mens-camp-shorts-nKf9Hl.png",https://www.nike.comhttps://www.nike.com/t/life-mens-camp-shorts-nKf9Hl/FN3216-237,"Built to last, our Nike Life collection outfits you for everything you do outside of sport. It’s your uniform for the daily grind. Each piece blends tough materials with movement-ready designs for durability and comfort through your hustle. Deep pockets, stonewashed twill and a roomy fit put these shorts at the top of your stack when it's time to get out and get things done.Shown: Baroque Brown/Baroque BrownStyle: FN3216-237",$85
Nike ACG,Men's Dri-FIT T-Shirt,"https://static.nike.com/a/images/c_limit,w_592,f_auto/t_product_v1/8c8d9b4a-a0fa-4383-8c47-440893ba21d1/acg-mens-dri-fit-t-shirt-HmzzlZ.png",https://www.nike.comhttps://www.nike.com/t/acg-mens-dri-fit-t-shirt-HmzzlZ/FV3490-338,"This ACG tee reminds you to preserve the outdoor spaces we know and love, so our families can keep getting out there to marvel at nature's beauty. Pull on this heavyweight blended tee and do your part.Shown: Vintage GreenStyle: FV3490-338",$55
"Nike ACG ""Reservoir Goat""",Men's Shorts,"https://static.nike.com/a/images/c_limit,w_592,f_auto/t_product_v1/e0cd6749-5374-48a8-b428-d6727807911f/acg-reservoir-goat-mens-shorts-f1VWBN.png",https://www.nike.comhttps://www.nike.com/t/acg-reservoir-goat-mens-shorts-f1VWBN/FN2472-376,"Lightweight, stretchy and packable, these quick-dry ""Reservoir Goat"" shorts from ACG are made to do it all. Water-repellent fabric helps shed the moisture after a misty hike or refreshing dip. The relaxed, above-the-knee cut moves with you for less restriction while you forge ahead.Shown: Vapor Green/Summit WhiteStyle: FN2472-376",$75
Kevin Durant,Men's Dri-FIT Short-Sleeve Basketball Top,"https://static.nike.com/a/images/c_limit,w_592,f_auto/t_product_v1/f79e23b4-bbdb-41c2-af5b-362a90efd465/kevin-durant-mens-dri-fit-short-sleeve-basketball-top-NWbXJm.png",https://www.nike.comhttps://www.nike.com/t/kevin-durant-mens-dri-fit-short-sleeve-basketball-top-NWbXJm/FN3039-133,"From his picture-perfect jumper to his savvy business mind, Kevin Durant is a master of his craft on and off the court. Our KD signature apparel collection celebrates the next generation of do-it-all athletes with pieces you can wear anywhere. This relaxed fit button-up top is breathable and helps keep the sweat away while you work on your game.Shown: Sail/Wolf Grey/Cosmic ClayStyle: FN3039-133",$67.97
Kevin Durant,Men's Dri-FIT Standard Issue 7/8-Length Basketball Pants,"https://static.nike.com/a/images/c_limit,w_592,f_auto/t_product_v1/4560919e-6a11-480f-917a-bac68f606110/kevin-durant-mens-dri-fit-standard-issue-7-8-length-basketball-pants-x04ZNm.png",https://www.nike.comhttps://www.nike.com/t/kevin-durant-mens-dri-fit-standard-issue-7-8-length-basketball-pants-x04ZNm/FQ3685-133,"From his picture-perfect jumper to his savvy business mind, Kevin Durant is a master of his craft on and off the court. Our KD signature apparel collection celebrates the next-gen of do-it-all athletes, featuring the Standard Issue pants. These relaxed fit bottoms are ready for any hoops session with soft, sweat-wicking fabric, plus a distraction-free 7/8-length design that's Easy Money approved.Shown: Sail/Cosmic ClayStyle: FQ3685-133",$78.97
Kevin Durant,Men's Dri-FIT Standard Issue Pullover Basketball Hoodie,"https://static.nike.com/a/images/c_limit,w_592,f_auto/t_product_v1/5466097f-e740-4d3b-83ed-8c68fd1559ed/kevin-durant-mens-dri-fit-standard-issue-pullover-basketball-hoodie-kWGGWZ.png",https://www.nike.comhttps://www.nike.com/t/kevin-durant-mens-dri-fit-standard-issue-pullover-basketball-hoodie-kWGGWZ/FN7380-010,"From his picture-perfect jumper to his savvy business mind, Kevin Durant is a master of his craft on and off the court. Our Kevin Durant signature apparel collection celebrates the next-gen of do-it-all athletes. This relaxed fit layer is ready for any hoops session with its soft, sweat-wicking fabric. Graphics have the official stamp of approval from ""Easy Money.""Shown: Black/Sail/SailStyle: FN7380-010",$86.97
KD,Men's Dri-FIT Standard Issue Reversible Basketball Shorts,"https://static.nike.com/a/images/c_limit,w_592,f_auto/t_product_v1/465c3e6e-2584-480a-b109-68411ad1dce8/kd-mens-dri-fit-standard-issue-reversible-basketball-shorts-kWqrCX.png",https://www.nike.comhttps://www.nike.com/t/kd-mens-dri-fit-standard-issue-reversible-basketball-shorts-kWqrCX/FN3037-010,Kevin Durant is a master of his craft on and off the court. Our KD signature apparel collection celebrates the next generation of do-it-all athletes with pieces you can wear anywhere. These relaxed-fit reversible shorts let you change up your look with either mesh or jersey knit fabric on the exterior. Graphics have the official stamp of approval from Easy Money.Shown: Black/Sail/SailStyle: FN3037-010,$48.97
Nike Sportswear Club,Men's T-Shirt,"https://static.nike.com/a/images/c_limit,w_592,f_auto/t_product_v1/pkhhzbog65ezgmmh85wv/sportswear-club-mens-t-shirt-ShrJfX.png",https://www.nike.comhttps://www.nike.com/t/sportswear-club-mens-t-shirt-ShrJfX/AR4997-410,The Nike Sportswear Club T-Shirt is made with our everyday cotton fabric and a classic fit for a familiar feel right out of the bag. An embroidered Futura logo on the chest provides a signature Nike look.Shown: Midnight Navy/WhiteStyle: AR4997-410,$30
Nike Club,Men's Flow Shorts,"https://static.nike.com/a/images/c_limit,w_592,f_auto/t_product_v1/44ae7fca-0b79-4603-b888-f19a0c8dc623/club-mens-flow-shorts-PsQ5w3.png",https://www.nike.comhttps://www.nike.com/t/club-mens-flow-shorts-PsQ5w3/FN3098-410,"Lightweight and breezy, these unlined Flow shorts from our Nike Club collection are built for all your warm-weather activities. The relaxed, above-the-knee fit makes them easy to style, so pull them on with a tee or hoodie and make your move.Shown: Midnight Navy/WhiteStyle: FN3098-410",$60
Nike Club,Men's Chino Shorts,"https://static.nike.com/a/images/c_limit,w_592,f_auto/t_product_v1/06b6cb2d-8033-4046-8b77-1ced0e3c9e62/club-mens-chino-shorts-F28Twg.png",https://www.nike.comhttps://www.nike.com/t/club-mens-chino-shorts-F28Twg/FZ5772-247,"Keep it classic in a pair of these chino shorts from our Nike Club collection. The straight-leg, relaxed fit is designed to feel comfy through the seat and thighs. Pull them on with a polo or tee and your favorite Nike sneakers for a classic look that's ready for some fun in the sun.Shown: Khaki/KhakiStyle: FZ5772-247",$70
Nike Life,Men's Short-Sleeve Seersucker Button-Down Shirt,"https://static.nike.com/a/images/c_limit,w_592,f_auto/t_product_v1/cd22eee8-3760-4514-beab-b87be65e4d30/life-mens-short-sleeve-seersucker-button-down-shirt-wQLZ9g.png",https://www.nike.comhttps://www.nike.com/t/life-mens-short-sleeve-seersucker-button-down-shirt-wQLZ9g/FN3222-060,Breathable seersucker fabric brings that classic crinkled texture and a soft lightweight feel to this versatile button-up. Pop it on with the matching seersucker shorts and glide through your day in style.Shown: Anthracite/AnthraciteStyle: FN3222-060,$95
Sabrina,Fleece Basketball Hoodie,"https://static.nike.com/a/images/c_limit,w_592,f_auto/t_product_v1/4d3a16e3-6a2f-41b3-9457-ab411cf0c502/sabrina-fleece-basketball-hoodie-0Fvm1P.png",https://www.nike.comhttps://www.nike.com/t/sabrina-fleece-basketball-hoodie-0Fvm1P/FV3205-121,"Whether you’re fine-tuning your craft on the court like Sabrina Ionescu or chilling off-court, this versatile, all-gender signature collection is for you. This easy-fitting hoodie's zippered side vent lets in extra air as you practice your moves, while soft brushed fleece helps keep you cozy. If you typically wear men's styles, we recommend ordering your usual size. If you typically wear women's styles, we recommend sizing down.Shown: Summit White/Black/BlackStyle: FV3205-121",$80
Nike Sportswear Club,Men's Graphic Shorts,"https://static.nike.com/a/images/c_limit,w_592,f_auto/t_product_v1/276f1761-fa58-4255-a492-cd573386a245/sportswear-club-mens-graphic-shorts-hQgvng.png",https://www.nike.comhttps://www.nike.com/t/sportswear-club-mens-graphic-shorts-hQgvng/BV2721-010,"The Nike Sportswear Club Shorts blend classic comfort with a bold graphic for street-ready style. Crafted from soft fleece, they've got you covered for all-day wear.Shown: Black/White/WhiteStyle: BV2721-010",$30.97
